[ { "categories" : [ "basic", "construction" ], "geometry" : "cube", "isBiomeGrass" : false, "isBiomeTree" : false, "isTransparent" : false, "name" : "Wooden Plank", "spriteOffset" : [ 4, 0 ], "tileOffsets" : [ [ 4, 0 ], [ 4, 0 ], [ 4, 0 ], [ 4, 0 ], [ 4, 0 ], [ 4, 0 ] ], "validOrientations" : [ "" ] }, { "categories" : [ "basic", "construction" ], "geometry" : "cube", "isBiomeGrass" : false, "isBiomeTree" : false, "isTransparent" : false, "name" : "Wood", "spriteOffset" : [ 4, 1 ], "tileOffsets" : [ [ 4, 1 ], [ 4, 1 ], [ 5, 1 ], [ 4, 1 ], [ 5, 1 ], [ 4, 1 ] ], "validOrientations" : [ "" ] }, { "categories" : [ "basic", "construction" ], "geometry" : "cube", "isBiomeGrass" : false, "isBiomeTree" : false, "isTransparent" : false, "name" : "Wood (Birch)", "spriteOffset" : [ 5, 7 ], "tileOffsets" : [ [ 5, 7 ], [ 5, 7 ], [ 5, 1 ], [ 5, 7 ], [ 5, 1 ], [ 5, 7 ] ], "validOrientations" : [ "" ] }, { "categories" : [ "basic", "construction" ], "geometry" : "cube", "isBiomeGrass" : false, "isBiomeTree" : false, "isTransparent" : false, "name" : "Wood (Pine)", "spriteOffset" : [ 4, 7 ], "tileOffsets" : [ [ 4, 7 ], [ 4, 7 ], [ 5, 1 ], [ 4, 7 ], [ 5, 1 ], [ 4, 7 ] ], "validOrientations" : [ "" ] }, { "categories" : [ "basic", "vegetation" ], "geometry" : "cube", "isBiomeGrass" : false, "isBiomeTree" : true, "isTransparent" : true, "name" : "Leaves", "spriteOffset" : [ 4, 3 ], "tileOffsets" : [ [ 4, 3 ], [ 4, 3 ], [ 4, 3 ], [ 4, 3 ], [ 4, 3 ], [ 4, 3 ] ], "validOrientations" : [ "" ] }, { "categories" : [ "basic", "vegetation" ], "geometry" : "cube", "isBiomeGrass" : false, "isBiomeTree" : true, "isTransparent" : true, "name" : "Leaves (Birch)", "spriteOffset" : [ 5, 3 ], "tileOffsets" : [ [ 5, 3 ], [ 5, 3 ], [ 5, 3 ], [ 5, 3 ], [ 5, 3 ], [ 5, 3 ] ], "validOrientations" : [ "" ] }, { "categories" : [ "basic", "vegetation" ], "geometry" : "cube", "isBiomeGrass" : false, "isBiomeTree" : true, "isTransparent" : true, "name" : "Leaves (Pine)", "spriteOffset" : [ 5, 8 ], "tileOffsets" : [ [ 5, 8 ], [ 5, 8 ], [ 5, 8 ], [ 5, 8 ], [ 5, 8 ], [ 5, 8 ] ], "validOrientations" : [ "" ] }, { "categories" : [ "basic", "vegetation" ], "geometry" : "cube", "isBiomeGrass" : true, "isBiomeTree" : false, "isTransparent" : false, "name" : "Grass", "spriteOffset" : [ 0, 0 ], "tileOffsets" : [ [ 3, 0 ], [ 3, 0 ], [ 2, 0 ], [ 3, 0 ], [ 0, 0 ], [ 3, 0 ] ], "validOrientations" : [ "" ] }, { "categories" : [ "basic" ], "geometry" : "cube", "isBiomeGrass" : false, "isBiomeTree" : false, "isTransparent" : false, "name" : "Dirt", "spriteOffset" : [ 2, 0 ], "tileOffsets" : [ [ 2, 0 ], [ 2, 0 ], [ 2, 0 ], [ 2, 0 ], [ 2, 0 ], [ 2, 0 ] ], "validOrientations" : [ "" ] }, { "categories" : [ "basic", "construction" ], "geometry" : "cube", "isBiomeGrass" : false, "isBiomeTree" : false, "isTransparent" : false, "name" : "Stone", "spriteOffset" : [ 1, 0 ], "tileOffsets" : [ [ 1, 0 ], [ 1, 0 ], [ 1, 0 ], [ 1, 0 ], [ 1, 0 ], [ 1, 0 ] ], "validOrientations" : [ "" ] }, { "categories" : [ "construction" ], "geometry" : "cube", "isBiomeGrass" : false, "isBiomeTree" : false, "isTransparent" : true, "name" : "Glass", "spriteOffset" : [ 1, 3 ], "tileOffsets" : [ [ 1, 3 ], [ 1, 3 ], [ 1, 3 ], [ 1, 3 ], [ 1, 3 ], [ 1, 3 ] ], "validOrientations" : [ "" ] }, { "categories" : [ "basic", "construction" ], "geometry" : "cube", "isBiomeGrass" : false, "isBiomeTree" : false, "isTransparent" : false, "name" : "Cobblestone", "spriteOffset" : [ 0, 1 ], "tileOffsets" : [ [ 0, 1 ], [ 0, 1 ], [ 0, 1 ], [ 0, 1 ], [ 0, 1 ], [ 0, 1 ] ], "validOrientations" : [ "" ] }, { "categories" : [ "basic" ], "geometry" : "cube", "isBiomeGrass" : false, "isBiomeTree" : false, "isTransparent" : false, "name" : "Sand", "spriteOffset" : [ 2, 1 ], "tileOffsets" : [ [ 2, 1 ], [ 2, 1 ], [ 2, 1 ], [ 2, 1 ], [ 2, 1 ], [ 2, 1 ] ], "validOrientations" : [ "" ] }, { "categories" : [ "basic", "tools" ], "geometry" : "cube", "isBiomeGrass" : false, "isBiomeTree" : false, "isTransparent" : false, "name" : "Crafting Table", "spriteOffset" : [ 11, 2 ], "tileOffsets" : [ [ 11, 3 ], [ 11, 3 ], [ 5, 0 ], [ 12, 3 ], [ 11, 2 ], [ 12, 3 ] ], "validOrientations" : [ "Facing south", "Facing west", "Facing north", "Facing east" ] }, { "categories" : [ "basic", "tools" ], "geometry" : "cube", "isBiomeGrass" : false, "isBiomeTree" : false, "isTransparent" : false, "name" : "Furnace", "spriteOffset" : [ 12, 2 ], "tileOffsets" : [ [ 12, 2 ], [ 13, 2 ], [ 6, 0 ], [ 13, 2 ], [ 14, 3 ], [ 13, 2 ] ], "validOrientations" : [ "Facing south", "Facing west", "Facing north", "Facing east" ] }, { "categories" : [ "basic", "tools" ], "geometry" : "chest", "isBiomeGrass" : false, "isBiomeTree" : false, "isTransparent" : false, "name" : "Chest", "spriteOffset" : [ 11, 1 ], "tileOffsets" : [ [ 11, 1 ], [ 10, 1 ], [ 9, 1 ], [ 10, 1 ], [ 9, 1 ], [ 10, 1 ] ], "validOrientations" : [ "Facing south", "Facing west", "Facing north", "Facing east" ] }, { "categories" : [ "basic" ], "geometry" : "cube", "isBiomeGrass" : false, "isBiomeTree" : false, "isTransparent" : true, "name" : "Water (Source)", "spriteOffset" : [ 13, 12 ], "tileOffsets" : [ [ 13, 12 ], [ 13, 12 ], [ 13, 12 ], [ 13, 12 ], [ 13, 12 ], [ 13, 12 ] ], "validOrientations" : [ "" ] }, { "categories" : [ "basic" ], "geometry" : "cube", "isBiomeGrass" : false, "isBiomeTree" : false, "isTransparent" : true, "name" : "Lava (Source)", "spriteOffset" : [ 13, 14 ], "tileOffsets" : [ [ 13, 14 ], [ 13, 14 ], [ 13, 14 ], [ 13, 14 ], [ 13, 14 ], [ 13, 14 ] ], "validOrientations" : [ "" ] }, { "categories" : [ "basic", "wool" ], "geometry" : "cube", "isBiomeGrass" : false, "isBiomeTree" : false, "isTransparent" : false, "name" : "Wool", "spriteOffset" : [ 0, 4 ], "tileOffsets" : [ [ 0, 4 ], [ 0, 4 ], [ 0, 4 ], [ 0, 4 ], [ 0, 4 ], [ 0, 4 ] ], "validOrientations" : [ "" ] }, { "categories" : [ "wool" ], "geometry" : "cube", "isBiomeGrass" : false, "isBiomeTree" : false, "isTransparent" : false, "name" : "Light Gray Wool", "spriteOffset" : [ 1, 14 ], "tileOffsets" : [ [ 1, 14 ], [ 1, 14 ], [ 1, 14 ], [ 1, 14 ], [ 1, 14 ], [ 1, 14 ] ], "validOrientations" : [ "" ] }, { "categories" : [ "wool" ], "geometry" : "cube", "isBiomeGrass" : false, "isBiomeTree" : false, "isTransparent" : false, "name" : "Gray Wool", "spriteOffset" : [ 2, 7 ], "tileOffsets" : [ [ 2, 7 ], [ 2, 7 ], [ 2, 7 ], [ 2, 7 ], [ 2, 7 ], [ 2, 7 ] ], "validOrientations" : [ "" ] }, { "categories" : [ "wool" ], "geometry" : "cube", "isBiomeGrass" : false, "isBiomeTree" : false, "isTransparent" : false, "name" : "Black Wool", "spriteOffset" : [ 1, 7 ], "tileOffsets" : [ [ 1, 7 ], [ 1, 7 ], [ 1, 7 ], [ 1, 7 ], [ 1, 7 ], [ 1, 7 ] ], "validOrientations" : [ "" ] }, { "categories" : [ "wool" ], "geometry" : "cube", "isBiomeGrass" : false, "isBiomeTree" : false, "isTransparent" : false, "name" : "Red Wool", "spriteOffset" : [ 1, 8 ], "tileOffsets" : [ [ 1, 8 ], [ 1, 8 ], [ 1, 8 ], [ 1, 8 ], [ 1, 8 ], [ 1, 8 ] ], "validOrientations" : [ "" ] }, { "categories" : [ "wool" ], "geometry" : "cube", "isBiomeGrass" : false, "isBiomeTree" : false, "isTransparent" : false, "name" : "Pink Wool", "spriteOffset" : [ 2, 8 ], "tileOffsets" : [ [ 2, 8 ], [ 2, 8 ], [ 2, 8 ], [ 2, 8 ], [ 2, 8 ], [ 2, 8 ] ], "validOrientations" : [ "" ] }, { "categories" : [ "wool" ], "geometry" : "cube", "isBiomeGrass" : false, "isBiomeTree" : false, "isTransparent" : false, "name" : "Green Wool", "spriteOffset" : [ 1, 9 ], "tileOffsets" : [ [ 1, 9 ], [ 1, 9 ], [ 1, 9 ], [ 1, 9 ], [ 1, 9 ], [ 1, 9 ] ], "validOrientations" : [ "" ] }, { "categories" : [ "wool" ], "geometry" : "cube", "isBiomeGrass" : false, "isBiomeTree" : false, "isTransparent" : false, "name" : "Light Green Wool", "spriteOffset" : [ 2, 9 ], "tileOffsets" : [ [ 2, 9 ], [ 2, 9 ], [ 2, 9 ], [ 2, 9 ], [ 2, 9 ], [ 2, 9 ] ], "validOrientations" : [ "" ] }, { "categories" : [ "wool" ], "geometry" : "cube", "isBiomeGrass" : false, "isBiomeTree" : false, "isTransparent" : false, "name" : "Brown Wool", "spriteOffset" : [ 1, 10 ], "tileOffsets" : [ [ 1, 10 ], [ 1, 10 ], [ 1, 10 ], [ 1, 10 ], [ 1, 10 ], [ 1, 10 ] ], "validOrientations" : [ "" ] }, { "categories" : [ "wool" ], "geometry" : "cube", "isBiomeGrass" : false, "isBiomeTree" : false, "isTransparent" : false, "name" : "Yellow Wool", "spriteOffset" : [ 2, 10 ], "tileOffsets" : [ [ 2, 10 ], [ 2, 10 ], [ 2, 10 ], [ 2, 10 ], [ 2, 10 ], [ 2, 10 ] ], "validOrientations" : [ "" ] }, { "categories" : [ "wool" ], "geometry" : "cube", "isBiomeGrass" : false, "isBiomeTree" : false, "isTransparent" : false, "name" : "Blue Wool", "spriteOffset" : [ 1, 11 ], "tileOffsets" : [ [ 1, 11 ], [ 1, 11 ], [ 1, 11 ], [ 1, 11 ], [ 1, 11 ], [ 1, 11 ] ], "validOrientations" : [ "" ] }, { "categories" : [ "wool" ], "geometry" : "cube", "isBiomeGrass" : false, "isBiomeTree" : false, "isTransparent" : false, "name" : "Light Blue Wool", "spriteOffset" : [ 2, 11 ], "tileOffsets" : [ [ 2, 11 ], [ 2, 11 ], [ 2, 11 ], [ 2, 11 ], [ 2, 11 ], [ 2, 11 ] ], "validOrientations" : [ "" ] }, { "categories" : [ "wool" ], "geometry" : "cube", "isBiomeGrass" : false, "isBiomeTree" : false, "isTransparent" : false, "name" : "Purple Wool", "spriteOffset" : [ 1, 12 ], "tileOffsets" : [ [ 1, 12 ], [ 1, 12 ], [ 1, 12 ], [ 1, 12 ], [ 1, 12 ], [ 1, 12 ] ], "validOrientations" : [ "" ] }, { "categories" : [ "wool" ], "geometry" : "cube", "isBiomeGrass" : false, "isBiomeTree" : false, "isTransparent" : false, "name" : "Magenta Wool", "spriteOffset" : [ 2, 12 ], "tileOffsets" : [ [ 2, 12 ], [ 2, 12 ], [ 2, 12 ], [ 2, 12 ], [ 2, 12 ], [ 2, 12 ] ], "validOrientations" : [ "" ] }, { "categories" : [ "wool" ], "geometry" : "cube", "isBiomeGrass" : false, "isBiomeTree" : false, "isTransparent" : false, "name" : "Cyan Wool", "spriteOffset" : [ 1, 13 ], "tileOffsets" : [ [ 1, 13 ], [ 1, 13 ], [ 1, 13 ], [ 1, 13 ], [ 1, 13 ], [ 1, 13 ] ], "validOrientations" : [ "" ] }, { "categories" : [ "wool" ], "geometry" : "cube", "isBiomeGrass" : false, "isBiomeTree" : false, "isTransparent" : false, "name" : "Orange Wool", "spriteOffset" : [ 2, 13 ], "tileOffsets" : [ [ 2, 13 ], [ 2, 13 ], [ 2, 13 ], [ 2, 13 ], [ 2, 13 ], [ 2, 13 ] ], "validOrientations" : [ "" ] }, { "categories" : [ "construction" ], "geometry" : "slab", "isBiomeGrass" : false, "isBiomeTree" : false, "isTransparent" : true, "name" : "Cobblestone Slab", "spriteOffset" : [ 0, 1 ], "tileOffsets" : [ [ 0, 1 ], [ 0, 1 ], [ 0, 1 ], [ 0, 1 ], [ 0, 1 ], [ 0, 1 ] ], "validOrientations" : [ "" ] }, { "categories" : [ "construction" ], "geometry" : "cube", "isBiomeGrass" : false, "isBiomeTree" : false, "isTransparent" : false, "name" : "Double Cobblestone Slab", "spriteOffset" : [ 0, 1 ], "tileOffsets" : [ [ 0, 1 ], [ 0, 1 ], [ 0, 1 ], [ 0, 1 ], [ 0, 1 ], [ 0, 1 ] ], "validOrientations" : [ "" ] }, { "categories" : [ "construction" ], "geometry" : "slab", "isBiomeGrass" : false, "isBiomeTree" : false, "isTransparent" : true, "name" : "Stone Slab", "spriteOffset" : [ 6, 0 ], "tileOffsets" : [ [ 5, 0 ], [ 5, 0 ], [ 6, 0 ], [ 5, 0 ], [ 6, 0 ], [ 5, 0 ] ], "validOrientations" : [ "" ] }, { "categories" : [ "construction" ], "geometry" : "cube", "isBiomeGrass" : false, "isBiomeTree" : false, "isTransparent" : false, "name" : "Double Stone Slab", "spriteOffset" : [ 6, 0 ], "tileOffsets" : [ [ 5, 0 ], [ 5, 0 ], [ 6, 0 ], [ 5, 0 ], [ 6, 0 ], [ 5, 0 ] ], "validOrientations" : [ "" ] }, { "categories" : [ "construction" ], "geometry" : "slab", "isBiomeGrass" : false, "isBiomeTree" : false, "isTransparent" : true, "name" : "Wooden Slab", "spriteOffset" : [ 4, 0 ], "tileOffsets" : [ [ 4, 0 ], [ 4, 0 ], [ 4, 0 ], [ 4, 0 ], [ 4, 0 ], [ 4, 0 ] ], "validOrientations" : [ "" ] }, { "categories" : [ "construction" ], "geometry" : "cube", "isBiomeGrass" : false, "isBiomeTree" : false, "isTransparent" : false, "name" : "Double Wooden Slab", "spriteOffset" : [ 4, 0 ], "tileOffsets" : [ [ 4, 0 ], [ 4, 0 ], [ 4, 0 ], [ 4, 0 ], [ 4, 0 ], [ 4, 0 ] ], "validOrientations" : [ "" ] }, { "categories" : [ "basic", "construction" ], "geometry" : "cube", "isBiomeGrass" : false, "isBiomeTree" : false, "isTransparent" : false, "name" : "Brick", "spriteOffset" : [ 7, 0 ], "tileOffsets" : [ [ 7, 0 ], [ 7, 0 ], [ 7, 0 ], [ 7, 0 ], [ 7, 0 ], [ 7, 0 ] ], "validOrientations" : [ "" ] }, { "categories" : [ "redstone" ], "geometry" : "cube", "isBiomeGrass" : false, "isBiomeTree" : false, "isTransparent" : false, "name" : "TNT", "spriteOffset" : [ 8, 0 ], "tileOffsets" : [ [ 8, 0 ], [ 8, 0 ], [ 10, 0 ], [ 8, 0 ], [ 9, 0 ], [ 8, 0 ] ], "validOrientations" : [ "" ] }, { "categories" : [ "basic" ], "geometry" : "cube", "isBiomeGrass" : false, "isBiomeTree" : false, "isTransparent" : false, "name" : "Bedrock", "spriteOffset" : [ 1, 1 ], "tileOffsets" : [ [ 1, 1 ], [ 1, 1 ], [ 1, 1 ], [ 1, 1 ], [ 1, 1 ], [ 1, 1 ] ], "validOrientations" : [ "" ] }, { "categories" : [ "basic" ], "geometry" : "cube", "isBiomeGrass" : false, "isBiomeTree" : false, "isTransparent" : false, "name" : "Gravel", "spriteOffset" : [ 3, 1 ], "tileOffsets" : [ [ 3, 1 ], [ 3, 1 ], [ 3, 1 ], [ 3, 1 ], [ 3, 1 ], [ 3, 1 ] ], "validOrientations" : [ "" ] }, { "categories" : [ "construction" ], "geometry" : "cube", "isBiomeGrass" : false, "isBiomeTree" : false, "isTransparent" : false, "name" : "Iron Block", "spriteOffset" : [ 6, 1 ], "tileOffsets" : [ [ 6, 1 ], [ 6, 1 ], [ 6, 1 ], [ 6, 1 ], [ 6, 1 ], [ 6, 1 ] ], "validOrientations" : [ "" ] }, { "categories" : [ "construction" ], "geometry" : "cube", "isBiomeGrass" : false, "isBiomeTree" : false, "isTransparent" : false, "name" : "Gold Block", "spriteOffset" : [ 7, 1 ], "tileOffsets" : [ [ 7, 1 ], [ 7, 1 ], [ 7, 1 ], [ 7, 1 ], [ 7, 1 ], [ 7, 1 ] ], "validOrientations" : [ "" ] }, { "categories" : [ "construction" ], "geometry" : "cube", "isBiomeGrass" : false, "isBiomeTree" : false, "isTransparent" : false, "name" : "Diamond Block", "spriteOffset" : [ 8, 1 ], "tileOffsets" : [ [ 8, 1 ], [ 8, 1 ], [ 8, 1 ], [ 8, 1 ], [ 8, 1 ], [ 8, 1 ] ], "validOrientations" : [ "" ] }, { "categories" : [ "construction" ], "geometry" : "cube", "isBiomeGrass" : false, "isBiomeTree" : false, "isTransparent" : false, "name" : "Lapis Lazuli Block", "spriteOffset" : [ 0, 9 ], "tileOffsets" : [ [ 0, 9 ], [ 0, 9 ], [ 0, 9 ], [ 0, 9 ], [ 0, 9 ], [ 0, 9 ] ], "validOrientations" : [ "" ] }, { "categories" : [ "basic", "tools" ], "geometry" : "cube", "isBiomeGrass" : false, "isBiomeTree" : false, "isTransparent" : false, "name" : "Double Chest (Left Half)", "spriteOffset" : [ 9, 2 ], "tileOffsets" : [ [ 9, 2 ], [ 9, 3 ], [ 9, 1 ], [ 10, 1 ], [ 9, 1 ], [ 10, 1 ] ], "validOrientations" : [ "Facing south", "Facing west", "Facing north", "Facing east" ] }, { "categories" : [ "basic", "tools" ], "geometry" : "cube", "isBiomeGrass" : false, "isBiomeTree" : false, "isTransparent" : false, "name" : "Double Chest (Right Half)", "spriteOffset" : [ 10, 2 ], "tileOffsets" : [ [ 10, 2 ], [ 10, 3 ], [ 9, 1 ], [ 10, 1 ], [ 9, 1 ], [ 10, 1 ] ], "validOrientations" : [ "Facing south", "Facing west", "Facing north", "Facing east" ] }, { "categories" : [ "mining" ], "geometry" : "cube", "isBiomeGrass" : false, "isBiomeTree" : false, "isTransparent" : false, "name" : "Gold Ore", "spriteOffset" : [ 0, 2 ], "tileOffsets" : [ [ 0, 2 ], [ 0, 2 ], [ 0, 2 ], [ 0, 2 ], [ 0, 2 ], [ 0, 2 ] ], "validOrientations" : [ "" ] }, { "categories" : [ "mining" ], "geometry" : "cube", "isBiomeGrass" : false, "isBiomeTree" : false, "isTransparent" : false, "name" : "Iron Ore", "spriteOffset" : [ 1, 2 ], "tileOffsets" : [ [ 1, 2 ], [ 1, 2 ], [ 1, 2 ], [ 1, 2 ], [ 1, 2 ], [ 1, 2 ] ], "validOrientations" : [ "" ] }, { "categories" : [ "mining" ], "geometry" : "cube", "isBiomeGrass" : false, "isBiomeTree" : false, "isTransparent" : false, "name" : "Coal Ore", "spriteOffset" : [ 2, 2 ], "tileOffsets" : [ [ 2, 2 ], [ 2, 2 ], [ 2, 2 ], [ 2, 2 ], [ 2, 2 ], [ 2, 2 ] ], "validOrientations" : [ "" ] }, { "categories" : [ "construction" ], "geometry" : "cube", "isBiomeGrass" : false, "isBiomeTree" : false, "isTransparent" : false, "name" : "Bookcase", "spriteOffset" : [ 3, 2 ], "tileOffsets" : [ [ 3, 2 ], [ 4, 0 ], [ 4, 0 ], [ 4, 0 ], [ 4, 0 ], [ 4, 0 ] ], "validOrientations" : [ "Facing south", "Facing west", "Facing north", "Facing east" ] }, { "categories" : [ "construction", "mining" ], "geometry" : "cube", "isBiomeGrass" : false, "isBiomeTree" : false, "isTransparent" : false, "name" : "Mossy Cobblestone", "spriteOffset" : [ 4, 2 ], "tileOffsets" : [ [ 4, 2 ], [ 4, 2 ], [ 4, 2 ], [ 4, 2 ], [ 4, 2 ], [ 4, 2 ] ], "validOrientations" : [ "" ] }, { "categories" : [ "construction", "mining" ], "geometry" : "cube", "isBiomeGrass" : false, "isBiomeTree" : false, "isTransparent" : false, "name" : "Obsidian", "spriteOffset" : [ 5, 2 ], "tileOffsets" : [ [ 5, 2 ], [ 5, 2 ], [ 5, 2 ], [ 5, 2 ], [ 5, 2 ], [ 5, 2 ] ], "validOrientations" : [ "" ] }, { "categories" : [ "tools" ], "geometry" : "cube", "isBiomeGrass" : false, "isBiomeTree" : false, "isTransparent" : false, "name" : "Dispenser", "spriteOffset" : [ 14, 2 ], "tileOffsets" : [ [ 14, 2 ], [ 13, 2 ], [ 6, 0 ], [ 13, 2 ], [ 14, 3 ], [ 13, 2 ] ], "validOrientations" : [ "Facing south", "Facing west", "Facing north", "Facing east" ] }, { "categories" : [ "construction" ], "geometry" : "cube", "isBiomeGrass" : false, "isBiomeTree" : false, "isTransparent" : false, "name" : "Sponge", "spriteOffset" : [ 0, 3 ], "tileOffsets" : [ [ 0, 3 ], [ 0, 3 ], [ 0, 3 ], [ 0, 3 ], [ 0, 3 ], [ 0, 3 ] ], "validOrientations" : [ "" ] }, { "categories" : [ "mining" ], "geometry" : "cube", "isBiomeGrass" : false, "isBiomeTree" : false, "isTransparent" : false, "name" : "Diamond Ore", "spriteOffset" : [ 2, 3 ], "tileOffsets" : [ [ 2, 3 ], [ 2, 3 ], [ 2, 3 ], [ 2, 3 ], [ 2, 3 ], [ 2, 3 ] ], "validOrientations" : [ "" ] }, { "categories" : [ "mining", "redstone" ], "geometry" : "cube", "isBiomeGrass" : false, "isBiomeTree" : false, "isTransparent" : false, "name" : "Redstone Ore", "spriteOffset" : [ 3, 3 ], "tileOffsets" : [ [ 3, 3 ], [ 3, 3 ], [ 3, 3 ], [ 3, 3 ], [ 3, 3 ], [ 3, 3 ] ], "validOrientations" : [ "" ] }, { "categories" : [ "mining" ], "geometry" : "cube", "isBiomeGrass" : false, "isBiomeTree" : false, "isTransparent" : false, "name" : "Lapis Lazuli Ore", "spriteOffset" : [ 0, 10 ], "tileOffsets" : [ [ 0, 10 ], [ 0, 10 ], [ 0, 10 ], [ 0, 10 ], [ 0, 10 ], [ 0, 10 ] ], "validOrientations" : [ "" ] }, { "categories" : [ "construction", "mining" ], "geometry" : "cube", "isBiomeGrass" : false, "isBiomeTree" : false, "isTransparent" : true, "name" : "Monster Spawner", "spriteOffset" : [ 1, 4 ], "tileOffsets" : [ [ 1, 4 ], [ 1, 4 ], [ 1, 4 ], [ 1, 4 ], [ 1, 4 ], [ 1, 4 ] ], "validOrientations" : [ "" ] }, { "categories" : [ "basic" ], "geometry" : "cube", "isBiomeGrass" : false, "isBiomeTree" : false, "isTransparent" : false, "name" : "Snow", "spriteOffset" : [ 2, 4 ], "tileOffsets" : [ [ 4, 4 ], [ 4, 4 ], [ 2, 0 ], [ 4, 4 ], [ 2, 4 ], [ 4, 4 ] ], "validOrientations" : [ "" ] }, { "categories" : [ "basic" ], "geometry" : "cube", "isBiomeGrass" : false, "isBiomeTree" : false, "isTransparent" : true, "name" : "Ice", "spriteOffset" : [ 3, 4 ], "tileOffsets" : [ [ 3, 4 ], [ 3, 4 ], [ 3, 4 ], [ 3, 4 ], [ 3, 4 ], [ 3, 4 ] ], "validOrientations" : [ "" ] }, { "categories" : [ "basic", "vegetation" ], "geometry" : "cactus", "isBiomeGrass" : false, "isBiomeTree" : false, "isTransparent" : true, "name" : "Cactus", "spriteOffset" : [ 6, 4 ], "tileOffsets" : [ [ 6, 4 ], [ 6, 4 ], [ 7, 4 ], [ 6, 4 ], [ 5, 4 ], [ 6, 4 ] ], "validOrientations" : [ "" ] }, { "categories" : [ "basic" ], "geometry" : "cube", "isBiomeGrass" : false, "isBiomeTree" : false, "isTransparent" : false, "name" : "Clay", "spriteOffset" : [ 8, 4 ], "tileOffsets" : [ [ 8, 4 ], [ 8, 4 ], [ 8, 4 ], [ 8, 4 ], [ 8, 4 ], [ 8, 4 ] ], "validOrientations" : [ "" ] }, { "categories" : [ "tools" ], "geometry" : "cube", "isBiomeGrass" : false, "isBiomeTree" : false, "isTransparent" : false, "name" : "Record Player", "spriteOffset" : [ 11, 4 ], "tileOffsets" : [ [ 10, 4 ], [ 10, 4 ], [ 9, 1 ], [ 10, 4 ], [ 11, 4 ], [ 10, 4 ] ], "validOrientations" : [ "Facing south", "Facing west", "Facing north", "Facing east" ] }, { "categories" : [ "basic" ], "geometry" : "cube", "isBiomeGrass" : false, "isBiomeTree" : false, "isTransparent" : false, "name" : "Field", "spriteOffset" : [ 7, 5 ], "tileOffsets" : [ [ 2, 0 ], [ 2, 0 ], [ 2, 0 ], [ 2, 0 ], [ 7, 5 ], [ 2, 0 ] ], "validOrientations" : [ "" ] }, { "categories" : [ "basic" ], "geometry" : "cube", "isBiomeGrass" : false, "isBiomeTree" : false, "isTransparent" : false, "name" : "Fertile Field", "spriteOffset" : [ 6, 5 ], "tileOffsets" : [ [ 2, 0 ], [ 2, 0 ], [ 2, 0 ], [ 2, 0 ], [ 6, 5 ], [ 2, 0 ] ], "validOrientations" : [ "" ] }, { "categories" : [ "vegetation" ], "geometry" : "cube", "isBiomeGrass" : false, "isBiomeTree" : false, "isTransparent" : false, "name" : "Pumpkin", "spriteOffset" : [ 7, 7 ], "tileOffsets" : [ [ 7, 7 ], [ 6, 7 ], [ 6, 7 ], [ 6, 7 ], [ 6, 6 ], [ 6, 7 ] ], "validOrientations" : [ "Facing south", "Facing west", "Facing north", "Facing east" ] }, { "categories" : [ "basic", "nether" ], "geometry" : "cube", "isBiomeGrass" : false, "isBiomeTree" : false, "isTransparent" : false, "name" : "Netherrack", "spriteOffset" : [ 7, 6 ], "tileOffsets" : [ [ 7, 6 ], [ 7, 6 ], [ 7, 6 ], [ 7, 6 ], [ 7, 6 ], [ 7, 6 ] ], "validOrientations" : [ "" ] }, { "categories" : [ "basic", "nether" ], "geometry" : "cube", "isBiomeGrass" : false, "isBiomeTree" : false, "isTransparent" : false, "name" : "Soul Sand", "spriteOffset" : [ 8, 6 ], "tileOffsets" : [ [ 8, 6 ], [ 8, 6 ], [ 8, 6 ], [ 8, 6 ], [ 8, 6 ], [ 8, 6 ] ], "validOrientations" : [ "" ] }, { "categories" : [ "basic", "nether" ], "geometry" : "cube", "isBiomeGrass" : false, "isBiomeTree" : false, "isTransparent" : false, "name" : "Glowstone", "spriteOffset" : [ 9, 6 ], "tileOffsets" : [ [ 9, 6 ], [ 9, 6 ], [ 9, 6 ], [ 9, 6 ], [ 9, 6 ], [ 9, 6 ] ], "validOrientations" : [ "" ] }, { "categories" : [ "redstone" ], "geometry" : "cube", "isBiomeGrass" : false, "isBiomeTree" : false, "isTransparent" : false, "name" : "Glowstone Lamp (Off)", "spriteOffset" : [ 3, 13 ], "tileOffsets" : [ [ 3, 13 ], [ 3, 13 ], [ 3, 13 ], [ 3, 13 ], [ 3, 13 ], [ 3, 13 ] ], "validOrientations" : [ "" ] }, { "categories" : [ "redstone" ], "geometry" : "cube", "isBiomeGrass" : false, "isBiomeTree" : false, "isTransparent" : false, "name" : "Glowstone Lamp (On)", "spriteOffset" : [ 4, 13 ], "tileOffsets" : [ [ 4, 13 ], [ 4, 13 ], [ 4, 13 ], [ 4, 13 ], [ 4, 13 ], [ 4, 13 ] ], "validOrientations" : [ "" ] }, { "categories" : [ "basic", "construction" ], "geometry" : "cube", "isBiomeGrass" : false, "isBiomeTree" : false, "isTransparent" : false, "name" : "Sandstone", "spriteOffset" : [ 0, 12 ], "tileOffsets" : [ [ 0, 12 ], [ 0, 12 ], [ 0, 13 ], [ 0, 12 ], [ 0, 11 ], [ 0, 12 ] ], "validOrientations" : [ "" ] }, { "categories" : [ "construction" ], "geometry" : "cube", "isBiomeGrass" : false, "isBiomeTree" : false, "isTransparent" : false, "name" : "Sandstone (Chiseled)", "spriteOffset" : [ 6, 14 ], "tileOffsets" : [ [ 6, 14 ], [ 6, 14 ], [ 0, 13 ], [ 6, 14 ], [ 0, 11 ], [ 6, 14 ] ], "validOrientations" : [ "" ] }, { "categories" : [ "construction" ], "geometry" : "cube", "isBiomeGrass" : false, "isBiomeTree" : false, "isTransparent" : false, "name" : "Sandstone (Heiroglyphs)", "spriteOffset" : [ 5, 14 ], "tileOffsets" : [ [ 5, 14 ], [ 5, 14 ], [ 0, 13 ], [ 5, 14 ], [ 0, 11 ], [ 5, 14 ] ], "validOrientations" : [ "" ] }, { "categories" : [ "redstone" ], "geometry" : "cube", "isBiomeGrass" : false, "isBiomeTree" : false, "isTransparent" : false, "name" : "Note Block", "spriteOffset" : [ 10, 4 ], "tileOffsets" : [ [ 10, 4 ], [ 10, 4 ], [ 10, 4 ], [ 10, 4 ], [ 10, 4 ], [ 10, 4 ] ], "validOrientations" : [ "" ] }, { "categories" : [ "basic" ], "geometry" : "bed", "isBiomeGrass" : false, "isBiomeTree" : false, "isTransparent" : true, "name" : "Bed (Bottom Half)", "spriteOffset" : [ 6, 9 ], "tileOffsets" : [ [ 6, 9 ], [ 6, 9 ], [ 4, 0 ], [ 5, 9 ], [ 6, 8 ], [ 5, 11 ] ], "validOrientations" : [ "Facing south", "Facing west", "Facing north", "Facing east" ] }, { "categories" : [ "basic" ], "geometry" : "bed", "isBiomeGrass" : false, "isBiomeTree" : false, "isTransparent" : true, "name" : "Bed (Top Half)", "spriteOffset" : [ 7, 9 ], "tileOffsets" : [ [ 7, 9 ], [ 7, 9 ], [ 4, 0 ], [ 5, 11 ], [ 7, 8 ], [ 8, 9 ] ], "validOrientations" : [ "Facing south", "Facing west", "Facing north", "Facing east" ] }, { "categories" : [ "redstone" ], "geometry" : "pressure_plate", "isBiomeGrass" : false, "isBiomeTree" : false, "isTransparent" : true, "name" : "Wooden Pressure Plate", "spriteOffset" : [ 4, 0 ], "tileOffsets" : [ [ 4, 0 ], [ 4, 0 ], [ 4, 0 ], [ 4, 0 ], [ 4, 0 ], [ 4, 0 ] ], "validOrientations" : [ "" ] }, { "categories" : [ "basic", "construction" ], "geometry" : "door", "isBiomeGrass" : false, "isBiomeTree" : false, "isTransparent" : true, "name" : "Wooden Door (Bottom Half)", "spriteOffset" : [ 1, 6 ], "tileOffsets" : [ [ 1, 6 ], [ 1, 6 ], [ 1, 6 ], [ 1, 6 ], [ 1, 6 ], [ 1, 6 ] ], "validOrientations" : [ "Facing south", "Facing west", "Facing north", "Facing east" ] }, { "categories" : [ "basic", "construction" ], "geometry" : "door", "isBiomeGrass" : false, "isBiomeTree" : false, "isTransparent" : true, "name" : "Wooden Door (Top Half)", "spriteOffset" : [ 1, 5 ], "tileOffsets" : [ [ 1, 5 ], [ 1, 5 ], [ 1, 5 ], [ 1, 5 ], [ 1, 5 ], [ 1, 5 ] ], "validOrientations" : [ "Facing south", "Facing west", "Facing north", "Facing east" ] }, { "categories" : [ "basic", "construction" ], "geometry" : "stairs", "isBiomeGrass" : false, "isBiomeTree" : false, "isTransparent" : true, "name" : "Cobblestone Stairs", "spriteOffset" : [ 0, 1 ], "tileOffsets" : [ [ 0, 1 ], [ 0, 1 ], [ 0, 1 ], [ 0, 1 ], [ 0, 1 ], [ 0, 1 ] ], "validOrientations" : [ "Facing south", "Facing west", "Facing north", "Facing east" ] }, { "categories" : [ "basic", "construction" ], "geometry" : "stairs", "isBiomeGrass" : false, "isBiomeTree" : false, "isTransparent" : true, "name" : "Wooden Stairs", "spriteOffset" : [ 4, 0 ], "tileOffsets" : [ [ 4, 0 ], [ 4, 0 ], [ 4, 0 ], [ 4, 0 ], [ 4, 0 ], [ 4, 0 ] ], "validOrientations" : [ "Facing south", "Facing west", "Facing north", "Facing east" ] }, { "categories" : [ "basic", "construction" ], "geometry" : "ladder", "isBiomeGrass" : false, "isBiomeTree" : false, "isTransparent" : true, "name" : "Ladder", "spriteOffset" : [ 3, 5 ], "tileOffsets" : [ [ 3, 5 ] ], "validOrientations" : [ "Facing south", "Facing west", "Facing north", "Facing east" ] }, { "categories" : [ "basic", "vegetation" ], "geometry" : "ladder", "isBiomeGrass" : false, "isBiomeTree" : true, "isTransparent" : true, "name" : "Vines", "spriteOffset" : [ 15, 8 ], "tileOffsets" : [ [ 15, 8 ] ], "validOrientations" : [ "Facing south", "Facing west", "Facing north", "Facing east" ] } ]