[ { "categories" : [ "basic", "construction" ], "geometry" : "kGeometryCube", "id" : 5, "isBiomeGrass" : false, "isBiomeTree" : false, "isTransparent" : false, "name" : "Oak Wood Planks", "spriteOffset" : [ 4, 0 ], "tileOffsets" : [ [ 4, 0 ], [ 4, 0 ], [ 4, 0 ], [ 4, 0 ], [ 4, 0 ], [ 4, 0 ] ], "validOrientations" : [ "" ] }, { "categories" : [ "basic", "construction" ], "geometry" : "kGeometryCube", "id" : 65541, "isBiomeGrass" : false, "isBiomeTree" : false, "isTransparent" : false, "name" : "Spruce Wood Planks", "spriteOffset" : [ 6, 12 ], "tileOffsets" : [ [ 6, 12 ], [ 6, 12 ], [ 6, 12 ], [ 6, 12 ], [ 6, 12 ], [ 6, 12 ] ], "validOrientations" : [ "" ] }, { "categories" : [ "basic", "construction" ], "geometry" : "kGeometryCube", "id" : 131077, "isBiomeGrass" : false, "isBiomeTree" : false, "isTransparent" : false, "name" : "Birch Wood Planks", "spriteOffset" : [ 6, 13 ], "tileOffsets" : [ [ 6, 13 ], [ 6, 13 ], [ 6, 13 ], [ 6, 13 ], [ 6, 13 ], [ 6, 13 ] ], "validOrientations" : [ "" ] }, { "categories" : [ "basic", "construction" ], "geometry" : "kGeometryCube", "id" : 196613, "isBiomeGrass" : false, "isBiomeTree" : false, "isTransparent" : false, "name" : "Jungle Wood Planks", "spriteOffset" : [ 7, 12 ], "tileOffsets" : [ [ 7, 12 ], [ 7, 12 ], [ 7, 12 ], [ 7, 12 ], [ 7, 12 ], [ 7, 12 ] ], "validOrientations" : [ "" ] }, { "categories" : [ "basic", "construction" ], "geometry" : "kGeometryCube", "id" : 17, "isBiomeGrass" : false, "isBiomeTree" : false, "isTransparent" : false, "name" : "Oak Wood", "spriteOffset" : [ 4, 1 ], "tileOffsets" : [ [ 4, 1 ], [ 4, 1 ], [ 5, 1 ], [ 4, 1 ], [ 5, 1 ], [ 4, 1 ] ], "validOrientations" : [ "" ] }, { "categories" : [ "basic", "construction" ], "geometry" : "kGeometryCube", "id" : 131089, "isBiomeGrass" : false, "isBiomeTree" : false, "isTransparent" : false, "name" : "Birch Wood", "spriteOffset" : [ 5, 7 ], "tileOffsets" : [ [ 5, 7 ], [ 5, 7 ], [ 5, 1 ], [ 5, 7 ], [ 5, 1 ], [ 5, 7 ] ], "validOrientations" : [ "" ] }, { "categories" : [ "basic", "construction" ], "geometry" : "kGeometryCube", "id" : 65553, "isBiomeGrass" : false, "isBiomeTree" : false, "isTransparent" : false, "name" : "Spruce Wood", "spriteOffset" : [ 4, 7 ], "tileOffsets" : [ [ 4, 7 ], [ 4, 7 ], [ 5, 1 ], [ 4, 7 ], [ 5, 1 ], [ 4, 7 ] ], "validOrientations" : [ "" ] }, { "categories" : [ "basic", "construction" ], "geometry" : "kGeometryCube", "id" : 196625, "isBiomeGrass" : false, "isBiomeTree" : false, "isTransparent" : false, "name" : "Jungle Wood", "spriteOffset" : [ 9, 9 ], "tileOffsets" : [ [ 9, 9 ], [ 9, 9 ], [ 5, 1 ], [ 9, 9 ], [ 5, 1 ], [ 9, 9 ] ], "validOrientations" : [ "" ] }, { "categories" : [ "basic", "vegetation" ], "geometry" : "kGeometryLeaves", "id" : 18, "isBiomeGrass" : false, "isBiomeTree" : true, "isTransparent" : true, "name" : "Oak Leaves", "spriteOffset" : [ 4, 3 ], "tileOffsets" : [ [ 4, 3 ], [ 4, 3 ], [ 4, 3 ], [ 4, 3 ], [ 4, 3 ], [ 4, 3 ] ], "validOrientations" : [ "" ] }, { "categories" : [ "basic", "vegetation" ], "geometry" : "kGeometryLeaves", "id" : 131090, "isBiomeGrass" : false, "isBiomeTree" : true, "isTransparent" : true, "name" : "Birch Leaves", "spriteOffset" : [ 5, 3 ], "tileOffsets" : [ [ 5, 3 ], [ 5, 3 ], [ 5, 3 ], [ 5, 3 ], [ 5, 3 ], [ 5, 3 ] ], "validOrientations" : [ "" ] }, { "categories" : [ "basic", "vegetation" ], "geometry" : "kGeometryLeaves", "id" : 65554, "isBiomeGrass" : false, "isBiomeTree" : true, "isTransparent" : true, "name" : "Spruce Leaves", "spriteOffset" : [ 5, 8 ], "tileOffsets" : [ [ 5, 8 ], [ 5, 8 ], [ 5, 8 ], [ 5, 8 ], [ 5, 8 ], [ 5, 8 ] ], "validOrientations" : [ "" ] }, { "categories" : [ "basic", "vegetation" ], "geometry" : "kGeometryCube", "id" : 2, "isBiomeGrass" : true, "isBiomeTree" : false, "isTransparent" : false, "name" : "Grass", "spriteOffset" : [ 0, 0 ], "tileOffsets" : [ [ 3, 0 ], [ 3, 0 ], [ 2, 0 ], [ 3, 0 ], [ 0, 0 ], [ 3, 0 ] ], "validOrientations" : [ "" ] }, { "categories" : [ "basic" ], "geometry" : "kGeometryCube", "id" : 3, "isBiomeGrass" : false, "isBiomeTree" : false, "isTransparent" : false, "name" : "Dirt", "spriteOffset" : [ 2, 0 ], "tileOffsets" : [ [ 2, 0 ], [ 2, 0 ], [ 2, 0 ], [ 2, 0 ], [ 2, 0 ], [ 2, 0 ] ], "validOrientations" : [ "" ] }, { "categories" : [ "basic", "construction" ], "geometry" : "kGeometryCube", "id" : 1, "isBiomeGrass" : false, "isBiomeTree" : false, "isTransparent" : false, "name" : "Stone", "spriteOffset" : [ 1, 0 ], "tileOffsets" : [ [ 1, 0 ], [ 1, 0 ], [ 1, 0 ], [ 1, 0 ], [ 1, 0 ], [ 1, 0 ] ], "validOrientations" : [ "" ] }, { "categories" : [ "basic", "construction" ], "geometry" : "kGeometryCube", "id" : 102, "isBiomeGrass" : false, "isBiomeTree" : false, "isTransparent" : true, "name" : "Glass", "spriteOffset" : [ 1, 3 ], "tileOffsets" : [ [ 1, 3 ], [ 1, 3 ], [ 1, 3 ], [ 1, 3 ], [ 1, 3 ], [ 1, 3 ] ], "validOrientations" : [ "" ] }, { "categories" : [ "basic", "construction" ], "geometry" : "kGeometryPane", "id" : 20, "isBiomeGrass" : false, "isBiomeTree" : false, "isTransparent" : true, "name" : "Glass Pane", "spriteOffset" : [ 1, 3 ], "tileOffsets" : [ [ 1, 3 ], [ 1, 3 ], [ 1, 3 ], [ 1, 3 ], [ 1, 3 ], [ 1, 3 ] ], "validOrientations" : [ "Running north/south", "Running east/west", "North half", "South half", "East half", "West half", "Northwest corner", "Southwest corner", "Northeast corner", "Southeast corner", "T facing south", "T facing west", "T facing north", "T facing east", "Cross" ] }, { "categories" : [ "basic", "construction" ], "geometry" : "kGeometryPane", "id" : 101, "isBiomeGrass" : false, "isBiomeTree" : false, "isTransparent" : true, "name" : "Iron Bars", "spriteOffset" : [ 5, 5 ], "tileOffsets" : [ [ 5, 5 ], [ 5, 5 ], [ 5, 5 ], [ 5, 5 ], [ 5, 5 ], [ 5, 5 ] ], "validOrientations" : [ "Running north/south", "Running east/west", "North half", "South half", "East half", "West half", "Northwest corner", "Southwest corner", "Northeast corner", "Southeast corner", "T facing south", "T facing west", "T facing north", "T facing east", "Cross" ] }, { "categories" : [ "basic", "construction" ], "geometry" : "kGeometryCube", "id" : 4, "isBiomeGrass" : false, "isBiomeTree" : false, "isTransparent" : false, "name" : "Cobblestone", "spriteOffset" : [ 0, 1 ], "tileOffsets" : [ [ 0, 1 ], [ 0, 1 ], [ 0, 1 ], [ 0, 1 ], [ 0, 1 ], [ 0, 1 ] ], "validOrientations" : [ "" ] }, { "categories" : [ "construction", "mining" ], "geometry" : "kGeometryCube", "id" : 48, "isBiomeGrass" : false, "isBiomeTree" : false, "isTransparent" : false, "name" : "Mossy Cobblestone", "spriteOffset" : [ 4, 2 ], "tileOffsets" : [ [ 4, 2 ], [ 4, 2 ], [ 4, 2 ], [ 4, 2 ], [ 4, 2 ], [ 4, 2 ] ], "validOrientations" : [ "" ] }, { "categories" : [ "basic", "construction" ], "geometry" : "kGeometryCube", "id" : 4, "isBiomeGrass" : false, "isBiomeTree" : false, "isTransparent" : false, "name" : "Stone Brick", "spriteOffset" : [ 6, 3 ], "tileOffsets" : [ [ 6, 3 ], [ 6, 3 ], [ 6, 3 ], [ 6, 3 ], [ 6, 3 ], [ 6, 3 ] ], "validOrientations" : [ "" ] }, { "categories" : [ "basic", "construction" ], "geometry" : "kGeometryCube", "id" : 65540, "isBiomeGrass" : false, "isBiomeTree" : false, "isTransparent" : false, "name" : "Mossy Stone Brick", "spriteOffset" : [ 4, 6 ], "tileOffsets" : [ [ 4, 6 ], [ 4, 6 ], [ 4, 6 ], [ 4, 6 ], [ 4, 6 ], [ 4, 6 ] ], "validOrientations" : [ "" ] }, { "categories" : [ "basic", "construction" ], "geometry" : "kGeometryCube", "id" : 131076, "isBiomeGrass" : false, "isBiomeTree" : false, "isTransparent" : false, "name" : "Cracked Stone Brick", "spriteOffset" : [ 5, 6 ], "tileOffsets" : [ [ 5, 6 ], [ 5, 6 ], [ 5, 6 ], [ 5, 6 ], [ 5, 6 ], [ 5, 6 ] ], "validOrientations" : [ "" ] }, { "categories" : [ "construction" ], "geometry" : "kGeometryCube", "id" : 196612, "isBiomeGrass" : false, "isBiomeTree" : false, "isTransparent" : false, "name" : "Chiseled Stone Brick", "spriteOffset" : [ 5, 13 ], "tileOffsets" : [ [ 5, 13 ], [ 5, 13 ], [ 5, 13 ], [ 5, 13 ], [ 5, 13 ], [ 5, 13 ] ], "validOrientations" : [ "" ] }, { "categories" : [ "basic" ], "geometry" : "kGeometryCube", "id" : 12, "isBiomeGrass" : false, "isBiomeTree" : false, "isTransparent" : false, "name" : "Sand", "spriteOffset" : [ 2, 1 ], "tileOffsets" : [ [ 2, 1 ], [ 2, 1 ], [ 2, 1 ], [ 2, 1 ], [ 2, 1 ], [ 2, 1 ] ], "validOrientations" : [ "" ] }, { "categories" : [ "basic", "tools" ], "geometry" : "kGeometryCube", "id" : 58, "isBiomeGrass" : false, "isBiomeTree" : false, "isTransparent" : false, "name" : "Crafting Table", "spriteOffset" : [ 11, 2 ], "tileOffsets" : [ [ 11, 3 ], [ 11, 3 ], [ 5, 0 ], [ 12, 3 ], [ 11, 2 ], [ 12, 3 ] ], "validOrientations" : [ "Facing south", "Facing west", "Facing north", "Facing east" ] }, { "categories" : [ "basic", "tools" ], "geometry" : "kGeometryCube", "id" : 61, "isBiomeGrass" : false, "isBiomeTree" : false, "isTransparent" : false, "name" : "Furnace", "spriteOffset" : [ 12, 2 ], "tileOffsets" : [ [ 12, 2 ], [ 13, 2 ], [ 6, 0 ], [ 13, 2 ], [ 14, 3 ], [ 13, 2 ] ], "validOrientations" : [ "Facing south", "Facing west", "Facing north", "Facing east" ] }, { "categories" : [ "basic", "tools" ], "geometry" : "kGeometryChest", "id" : 54, "isBiomeGrass" : false, "isBiomeTree" : false, "isTransparent" : false, "name" : "Chest", "spriteOffset" : [ 11, 1 ], "tileOffsets" : [ [ 11, 1 ], [ 10, 1 ], [ 9, 1 ], [ 10, 1 ], [ 9, 1 ], [ 10, 1 ] ], "validOrientations" : [ "Facing south", "Facing west", "Facing north", "Facing east" ] }, { "categories" : [ "basic" ], "geometry" : "kGeometryCube", "id" : 8, "isBiomeGrass" : false, "isBiomeTree" : false, "isTransparent" : true, "name" : "Water (Source)", "spriteOffset" : [ 13, 12 ], "tileOffsets" : [ [ 13, 12 ], [ 13, 12 ], [ 13, 12 ], [ 13, 12 ], [ 13, 12 ], [ 13, 12 ] ], "validOrientations" : [ "" ] }, { "categories" : [ "basic" ], "geometry" : "kGeometryFlow", "id" : 983048, "isBiomeGrass" : false, "isBiomeTree" : false, "isTransparent" : true, "name" : "Water (Flow)", "spriteOffset" : [ 13, 12 ], "tileOffsets" : [ [ 13, 12 ], [ 13, 12 ], [ 13, 12 ], [ 13, 12 ], [ 13, 12 ], [ 13, 12 ] ], "validOrientations" : [ "One block from source", "Two blocks from source", "Three blocks from source", "Four blocks from source", "Five blocks from source", "Six blocks from source", "Seven blocks from source" ] }, { "categories" : [ "basic" ], "geometry" : "kGeometryCube", "id" : 10, "isBiomeGrass" : false, "isBiomeTree" : false, "isTransparent" : true, "name" : "Lava (Source)", "spriteOffset" : [ 13, 14 ], "tileOffsets" : [ [ 13, 14 ], [ 13, 14 ], [ 13, 14 ], [ 13, 14 ], [ 13, 14 ], [ 13, 14 ] ], "validOrientations" : [ "" ] }, { "categories" : [ "basic" ], "geometry" : "kGeometryFlow", "id" : 917514, "isBiomeGrass" : false, "isBiomeTree" : false, "isTransparent" : true, "name" : "Lava (Flow)", "spriteOffset" : [ 13, 14 ], "tileOffsets" : [ [ 13, 14 ], [ 13, 14 ], [ 13, 14 ], [ 13, 14 ], [ 13, 14 ], [ 13, 14 ] ], "validOrientations" : [ "One block from source", "Two blocks from source", "Three blocks from source" ] }, { "categories" : [ "basic", "wool" ], "geometry" : "kGeometryCube", "id" : 35, "isBiomeGrass" : false, "isBiomeTree" : false, "isTransparent" : false, "name" : "Wool", "spriteOffset" : [ 0, 4 ], "tileOffsets" : [ [ 0, 4 ], [ 0, 4 ], [ 0, 4 ], [ 0, 4 ], [ 0, 4 ], [ 0, 4 ] ], "validOrientations" : [ "" ] }, { "categories" : [ "wool" ], "geometry" : "kGeometryCube", "id" : 524323, "isBiomeGrass" : false, "isBiomeTree" : false, "isTransparent" : false, "name" : "Light Gray Wool", "spriteOffset" : [ 1, 14 ], "tileOffsets" : [ [ 1, 14 ], [ 1, 14 ], [ 1, 14 ], [ 1, 14 ], [ 1, 14 ], [ 1, 14 ] ], "validOrientations" : [ "" ] }, { "categories" : [ "wool" ], "geometry" : "kGeometryCube", "id" : 458787, "isBiomeGrass" : false, "isBiomeTree" : false, "isTransparent" : false, "name" : "Gray Wool", "spriteOffset" : [ 2, 7 ], "tileOffsets" : [ [ 2, 7 ], [ 2, 7 ], [ 2, 7 ], [ 2, 7 ], [ 2, 7 ], [ 2, 7 ] ], "validOrientations" : [ "" ] }, { "categories" : [ "wool" ], "geometry" : "kGeometryCube", "id" : 983075, "isBiomeGrass" : false, "isBiomeTree" : false, "isTransparent" : false, "name" : "Black Wool", "spriteOffset" : [ 1, 7 ], "tileOffsets" : [ [ 1, 7 ], [ 1, 7 ], [ 1, 7 ], [ 1, 7 ], [ 1, 7 ], [ 1, 7 ] ], "validOrientations" : [ "" ] }, { "categories" : [ "wool" ], "geometry" : "kGeometryCube", "id" : 917539, "isBiomeGrass" : false, "isBiomeTree" : false, "isTransparent" : false, "name" : "Red Wool", "spriteOffset" : [ 1, 8 ], "tileOffsets" : [ [ 1, 8 ], [ 1, 8 ], [ 1, 8 ], [ 1, 8 ], [ 1, 8 ], [ 1, 8 ] ], "validOrientations" : [ "" ] }, { "categories" : [ "wool" ], "geometry" : "kGeometryCube", "id" : 393251, "isBiomeGrass" : false, "isBiomeTree" : false, "isTransparent" : false, "name" : "Pink Wool", "spriteOffset" : [ 2, 8 ], "tileOffsets" : [ [ 2, 8 ], [ 2, 8 ], [ 2, 8 ], [ 2, 8 ], [ 2, 8 ], [ 2, 8 ] ], "validOrientations" : [ "" ] }, { "categories" : [ "wool" ], "geometry" : "kGeometryCube", "id" : 852003, "isBiomeGrass" : false, "isBiomeTree" : false, "isTransparent" : false, "name" : "Green Wool", "spriteOffset" : [ 1, 9 ], "tileOffsets" : [ [ 1, 9 ], [ 1, 9 ], [ 1, 9 ], [ 1, 9 ], [ 1, 9 ], [ 1, 9 ] ], "validOrientations" : [ "" ] }, { "categories" : [ "wool" ], "geometry" : "kGeometryCube", "id" : 327715, "isBiomeGrass" : false, "isBiomeTree" : false, "isTransparent" : false, "name" : "Lime Wool", "spriteOffset" : [ 2, 9 ], "tileOffsets" : [ [ 2, 9 ], [ 2, 9 ], [ 2, 9 ], [ 2, 9 ], [ 2, 9 ], [ 2, 9 ] ], "validOrientations" : [ "" ] }, { "categories" : [ "wool" ], "geometry" : "kGeometryCube", "id" : 786467, "isBiomeGrass" : false, "isBiomeTree" : false, "isTransparent" : false, "name" : "Brown Wool", "spriteOffset" : [ 1, 10 ], "tileOffsets" : [ [ 1, 10 ], [ 1, 10 ], [ 1, 10 ], [ 1, 10 ], [ 1, 10 ], [ 1, 10 ] ], "validOrientations" : [ "" ] }, { "categories" : [ "wool" ], "geometry" : "kGeometryCube", "id" : 262179, "isBiomeGrass" : false, "isBiomeTree" : false, "isTransparent" : false, "name" : "Yellow Wool", "spriteOffset" : [ 2, 10 ], "tileOffsets" : [ [ 2, 10 ], [ 2, 10 ], [ 2, 10 ], [ 2, 10 ], [ 2, 10 ], [ 2, 10 ] ], "validOrientations" : [ "" ] }, { "categories" : [ "wool" ], "geometry" : "kGeometryCube", "id" : 720931, "isBiomeGrass" : false, "isBiomeTree" : false, "isTransparent" : false, "name" : "Blue Wool", "spriteOffset" : [ 1, 11 ], "tileOffsets" : [ [ 1, 11 ], [ 1, 11 ], [ 1, 11 ], [ 1, 11 ], [ 1, 11 ], [ 1, 11 ] ], "validOrientations" : [ "" ] }, { "categories" : [ "wool" ], "geometry" : "kGeometryCube", "id" : 196643, "isBiomeGrass" : false, "isBiomeTree" : false, "isTransparent" : false, "name" : "Light Blue Wool", "spriteOffset" : [ 2, 11 ], "tileOffsets" : [ [ 2, 11 ], [ 2, 11 ], [ 2, 11 ], [ 2, 11 ], [ 2, 11 ], [ 2, 11 ] ], "validOrientations" : [ "" ] }, { "categories" : [ "wool" ], "geometry" : "kGeometryCube", "id" : 655395, "isBiomeGrass" : false, "isBiomeTree" : false, "isTransparent" : false, "name" : "Purple Wool", "spriteOffset" : [ 1, 12 ], "tileOffsets" : [ [ 1, 12 ], [ 1, 12 ], [ 1, 12 ], [ 1, 12 ], [ 1, 12 ], [ 1, 12 ] ], "validOrientations" : [ "" ] }, { "categories" : [ "wool" ], "geometry" : "kGeometryCube", "id" : 131107, "isBiomeGrass" : false, "isBiomeTree" : false, "isTransparent" : false, "name" : "Magenta Wool", "spriteOffset" : [ 2, 12 ], "tileOffsets" : [ [ 2, 12 ], [ 2, 12 ], [ 2, 12 ], [ 2, 12 ], [ 2, 12 ], [ 2, 12 ] ], "validOrientations" : [ "" ] }, { "categories" : [ "wool" ], "geometry" : "kGeometryCube", "id" : 589859, "isBiomeGrass" : false, "isBiomeTree" : false, "isTransparent" : false, "name" : "Cyan Wool", "spriteOffset" : [ 1, 13 ], "tileOffsets" : [ [ 1, 13 ], [ 1, 13 ], [ 1, 13 ], [ 1, 13 ], [ 1, 13 ], [ 1, 13 ] ], "validOrientations" : [ "" ] }, { "categories" : [ "wool" ], "geometry" : "kGeometryCube", "id" : 65571, "isBiomeGrass" : false, "isBiomeTree" : false, "isTransparent" : false, "name" : "Orange Wool", "spriteOffset" : [ 2, 13 ], "tileOffsets" : [ [ 2, 13 ], [ 2, 13 ], [ 2, 13 ], [ 2, 13 ], [ 2, 13 ], [ 2, 13 ] ], "validOrientations" : [ "" ] }, { "categories" : [ "construction" ], "geometry" : "kGeometrySlab", "id" : 196676, "isBiomeGrass" : false, "isBiomeTree" : false, "isTransparent" : true, "name" : "Cobblestone Slab", "spriteOffset" : [ 0, 1 ], "tileOffsets" : [ [ 0, 1 ], [ 0, 1 ], [ 0, 1 ], [ 0, 1 ], [ 0, 1 ], [ 0, 1 ] ], "validOrientations" : [ "" ] }, { "categories" : [ "construction" ], "geometry" : "kGeometryCube", "id" : 196651, "isBiomeGrass" : false, "isBiomeTree" : false, "isTransparent" : false, "name" : "Double Cobblestone Slab", "spriteOffset" : [ 0, 1 ], "tileOffsets" : [ [ 0, 1 ], [ 0, 1 ], [ 0, 1 ], [ 0, 1 ], [ 0, 1 ], [ 0, 1 ] ], "validOrientations" : [ "" ] }, { "categories" : [ "construction" ], "geometry" : "kGeometrySlab", "id" : 68, "isBiomeGrass" : false, "isBiomeTree" : false, "isTransparent" : true, "name" : "Stone Slab", "spriteOffset" : [ 6, 0 ], "tileOffsets" : [ [ 5, 0 ], [ 5, 0 ], [ 6, 0 ], [ 5, 0 ], [ 6, 0 ], [ 5, 0 ] ], "validOrientations" : [ "" ] }, { "categories" : [ "construction" ], "geometry" : "kGeometryCube", "id" : 43, "isBiomeGrass" : false, "isBiomeTree" : false, "isTransparent" : false, "name" : "Double Stone Slab", "spriteOffset" : [ 6, 0 ], "tileOffsets" : [ [ 5, 0 ], [ 5, 0 ], [ 6, 0 ], [ 5, 0 ], [ 6, 0 ], [ 5, 0 ] ], "validOrientations" : [ "" ] }, { "categories" : [ "construction" ], "geometry" : "kGeometrySlab", "id" : 126, "isBiomeGrass" : false, "isBiomeTree" : false, "isTransparent" : true, "name" : "Oak Wood Slab", "spriteOffset" : [ 4, 0 ], "tileOffsets" : [ [ 4, 0 ], [ 4, 0 ], [ 4, 0 ], [ 4, 0 ], [ 4, 0 ], [ 4, 0 ] ], "validOrientations" : [ "" ] }, { "categories" : [ "construction" ], "geometry" : "kGeometryCube", "id" : 125, "isBiomeGrass" : false, "isBiomeTree" : false, "isTransparent" : false, "name" : "Double Oak Wood Slab", "spriteOffset" : [ 4, 0 ], "tileOffsets" : [ [ 4, 0 ], [ 4, 0 ], [ 4, 0 ], [ 4, 0 ], [ 4, 0 ], [ 4, 0 ] ], "validOrientations" : [ "" ] }, { "categories" : [ "construction" ], "geometry" : "kGeometrySlab", "id" : 65662, "isBiomeGrass" : false, "isBiomeTree" : false, "isTransparent" : true, "name" : "Spruce Wood Slab", "spriteOffset" : [ 6, 12 ], "tileOffsets" : [ [ 6, 12 ], [ 6, 12 ], [ 6, 12 ], [ 6, 12 ], [ 6, 12 ], [ 6, 12 ] ], "validOrientations" : [ "" ] }, { "categories" : [ "construction" ], "geometry" : "kGeometryCube", "id" : 65661, "isBiomeGrass" : false, "isBiomeTree" : false, "isTransparent" : false, "name" : "Double Spruce Wood Slab", "spriteOffset" : [ 6, 12 ], "tileOffsets" : [ [ 6, 12 ], [ 6, 12 ], [ 6, 12 ], [ 6, 12 ], [ 6, 12 ], [ 6, 12 ] ], "validOrientations" : [ "" ] }, { "categories" : [ "construction" ], "geometry" : "kGeometrySlab", "id" : 131198, "isBiomeGrass" : false, "isBiomeTree" : false, "isTransparent" : true, "name" : "Birch Wood Slab", "spriteOffset" : [ 6, 13 ], "tileOffsets" : [ [ 6, 13 ], [ 6, 13 ], [ 6, 13 ], [ 6, 13 ], [ 6, 13 ], [ 6, 13 ] ], "validOrientations" : [ "" ] }, { "categories" : [ "construction" ], "geometry" : "kGeometryCube", "id" : 131197, "isBiomeGrass" : false, "isBiomeTree" : false, "isTransparent" : false, "name" : "Double Birch Wood Slab", "spriteOffset" : [ 6, 13 ], "tileOffsets" : [ [ 6, 13 ], [ 6, 13 ], [ 6, 13 ], [ 6, 13 ], [ 6, 13 ], [ 6, 13 ] ], "validOrientations" : [ "" ] }, { "categories" : [ "construction" ], "geometry" : "kGeometrySlab", "id" : 196734, "isBiomeGrass" : false, "isBiomeTree" : false, "isTransparent" : true, "name" : "Jungle Wood Slab", "spriteOffset" : [ 7, 12 ], "tileOffsets" : [ [ 7, 12 ], [ 7, 12 ], [ 7, 12 ], [ 7, 12 ], [ 7, 12 ], [ 7, 12 ] ], "validOrientations" : [ "" ] }, { "categories" : [ "construction" ], "geometry" : "kGeometryCube", "id" : 196733, "isBiomeGrass" : false, "isBiomeTree" : false, "isTransparent" : false, "name" : "Double Jungle Wood Slab", "spriteOffset" : [ 7, 12 ], "tileOffsets" : [ [ 7, 12 ], [ 7, 12 ], [ 7, 12 ], [ 7, 12 ], [ 7, 12 ], [ 7, 12 ] ], "validOrientations" : [ "" ] }, { "categories" : [ "basic", "construction" ], "geometry" : "kGeometryCube", "id" : 45, "isBiomeGrass" : false, "isBiomeTree" : false, "isTransparent" : false, "name" : "Brick", "spriteOffset" : [ 7, 0 ], "tileOffsets" : [ [ 7, 0 ], [ 7, 0 ], [ 7, 0 ], [ 7, 0 ], [ 7, 0 ], [ 7, 0 ] ], "validOrientations" : [ "" ] }, { "categories" : [ "redstone" ], "geometry" : "kGeometryCube", "id" : 46, "isBiomeGrass" : false, "isBiomeTree" : false, "isTransparent" : false, "name" : "TNT", "spriteOffset" : [ 8, 0 ], "tileOffsets" : [ [ 8, 0 ], [ 8, 0 ], [ 10, 0 ], [ 8, 0 ], [ 9, 0 ], [ 8, 0 ] ], "validOrientations" : [ "" ] }, { "categories" : [ "basic" ], "geometry" : "kGeometryCube", "id" : 7, "isBiomeGrass" : false, "isBiomeTree" : false, "isTransparent" : false, "name" : "Bedrock", "spriteOffset" : [ 1, 1 ], "tileOffsets" : [ [ 1, 1 ], [ 1, 1 ], [ 1, 1 ], [ 1, 1 ], [ 1, 1 ], [ 1, 1 ] ], "validOrientations" : [ "" ] }, { "categories" : [ "basic" ], "geometry" : "kGeometryCube", "id" : 13, "isBiomeGrass" : false, "isBiomeTree" : false, "isTransparent" : false, "name" : "Gravel", "spriteOffset" : [ 3, 1 ], "tileOffsets" : [ [ 3, 1 ], [ 3, 1 ], [ 3, 1 ], [ 3, 1 ], [ 3, 1 ], [ 3, 1 ] ], "validOrientations" : [ "" ] }, { "categories" : [ "construction" ], "geometry" : "kGeometryCube", "id" : 42, "isBiomeGrass" : false, "isBiomeTree" : false, "isTransparent" : false, "name" : "Iron Block", "spriteOffset" : [ 6, 1 ], "tileOffsets" : [ [ 6, 1 ], [ 6, 1 ], [ 6, 1 ], [ 6, 1 ], [ 6, 1 ], [ 6, 1 ] ], "validOrientations" : [ "" ] }, { "categories" : [ "construction" ], "geometry" : "kGeometryCube", "id" : 41, "isBiomeGrass" : false, "isBiomeTree" : false, "isTransparent" : false, "name" : "Gold Block", "spriteOffset" : [ 7, 1 ], "tileOffsets" : [ [ 7, 1 ], [ 7, 1 ], [ 7, 1 ], [ 7, 1 ], [ 7, 1 ], [ 7, 1 ] ], "validOrientations" : [ "" ] }, { "categories" : [ "construction" ], "geometry" : "kGeometryCube", "id" : 57, "isBiomeGrass" : false, "isBiomeTree" : false, "isTransparent" : false, "name" : "Diamond Block", "spriteOffset" : [ 8, 1 ], "tileOffsets" : [ [ 8, 1 ], [ 8, 1 ], [ 8, 1 ], [ 8, 1 ], [ 8, 1 ], [ 8, 1 ] ], "validOrientations" : [ "" ] }, { "categories" : [ "construction" ], "geometry" : "kGeometryCube", "id" : 22, "isBiomeGrass" : false, "isBiomeTree" : false, "isTransparent" : false, "name" : "Lapis Lazuli Block", "spriteOffset" : [ 0, 9 ], "tileOffsets" : [ [ 0, 9 ], [ 0, 9 ], [ 0, 9 ], [ 0, 9 ], [ 0, 9 ], [ 0, 9 ] ], "validOrientations" : [ "" ] }, { "categories" : [ "construction" ], "geometry" : "kGeometryCube", "id" : 133, "isBiomeGrass" : false, "isBiomeTree" : false, "isTransparent" : false, "name" : "Emerald Block", "spriteOffset" : [ 9, 1 ], "tileOffsets" : [ [ 9, 1 ], [ 9, 1 ], [ 9, 1 ], [ 9, 1 ], [ 9, 1 ], [ 9, 1 ] ], "validOrientations" : [ "" ] }, { "categories" : [ "basic", "tools" ], "geometry" : "kGeometryCube", "id" : 1048630, "isBiomeGrass" : false, "isBiomeTree" : false, "isTransparent" : false, "name" : "Double Chest (Left Half)", "spriteOffset" : [ 9, 2 ], "tileOffsets" : [ [ 9, 2 ], [ 9, 3 ], [ 9, 1 ], [ 10, 1 ], [ 9, 1 ], [ 10, 1 ] ], "validOrientations" : [ "Facing south", "Facing west", "Facing north", "Facing east" ] }, { "categories" : [ "basic", "tools" ], "geometry" : "kGeometryCube", "id" : 2097206, "isBiomeGrass" : false, "isBiomeTree" : false, "isTransparent" : false, "name" : "Double Chest (Right Half)", "spriteOffset" : [ 10, 2 ], "tileOffsets" : [ [ 10, 2 ], [ 10, 3 ], [ 9, 1 ], [ 10, 1 ], [ 9, 1 ], [ 10, 1 ] ], "validOrientations" : [ "Facing south", "Facing west", "Facing north", "Facing east" ] }, { "categories" : [ "mining" ], "geometry" : "kGeometryCube", "id" : 14, "isBiomeGrass" : false, "isBiomeTree" : false, "isTransparent" : false, "name" : "Gold Ore", "spriteOffset" : [ 0, 2 ], "tileOffsets" : [ [ 0, 2 ], [ 0, 2 ], [ 0, 2 ], [ 0, 2 ], [ 0, 2 ], [ 0, 2 ] ], "validOrientations" : [ "" ] }, { "categories" : [ "mining" ], "geometry" : "kGeometryCube", "id" : 15, "isBiomeGrass" : false, "isBiomeTree" : false, "isTransparent" : false, "name" : "Iron Ore", "spriteOffset" : [ 1, 2 ], "tileOffsets" : [ [ 1, 2 ], [ 1, 2 ], [ 1, 2 ], [ 1, 2 ], [ 1, 2 ], [ 1, 2 ] ], "validOrientations" : [ "" ] }, { "categories" : [ "mining" ], "geometry" : "kGeometryCube", "id" : 16, "isBiomeGrass" : false, "isBiomeTree" : false, "isTransparent" : false, "name" : "Coal Ore", "spriteOffset" : [ 2, 2 ], "tileOffsets" : [ [ 2, 2 ], [ 2, 2 ], [ 2, 2 ], [ 2, 2 ], [ 2, 2 ], [ 2, 2 ] ], "validOrientations" : [ "" ] }, { "categories" : [ "construction" ], "geometry" : "kGeometryCube", "id" : 47, "isBiomeGrass" : false, "isBiomeTree" : false, "isTransparent" : false, "name" : "Bookshelf", "spriteOffset" : [ 3, 2 ], "tileOffsets" : [ [ 3, 2 ], [ 4, 0 ], [ 4, 0 ], [ 4, 0 ], [ 4, 0 ], [ 4, 0 ] ], "validOrientations" : [ "Facing south", "Facing west", "Facing north", "Facing east" ] }, { "categories" : [ "construction", "mining" ], "geometry" : "kGeometryCube", "id" : 49, "isBiomeGrass" : false, "isBiomeTree" : false, "isTransparent" : false, "name" : "Obsidian", "spriteOffset" : [ 5, 2 ], "tileOffsets" : [ [ 5, 2 ], [ 5, 2 ], [ 5, 2 ], [ 5, 2 ], [ 5, 2 ], [ 5, 2 ] ], "validOrientations" : [ "" ] }, { "categories" : [ "tools" ], "geometry" : "kGeometryCube", "id" : 35, "isBiomeGrass" : false, "isBiomeTree" : false, "isTransparent" : false, "name" : "Dispenser", "spriteOffset" : [ 14, 2 ], "tileOffsets" : [ [ 14, 2 ], [ 13, 2 ], [ 6, 0 ], [ 13, 2 ], [ 14, 3 ], [ 13, 2 ] ], "validOrientations" : [ "Facing south", "Facing west", "Facing north", "Facing east" ] }, { "categories" : [ "construction" ], "geometry" : "kGeometryCube", "id" : 19, "isBiomeGrass" : false, "isBiomeTree" : false, "isTransparent" : false, "name" : "Sponge", "spriteOffset" : [ 0, 3 ], "tileOffsets" : [ [ 0, 3 ], [ 0, 3 ], [ 0, 3 ], [ 0, 3 ], [ 0, 3 ], [ 0, 3 ] ], "validOrientations" : [ "" ] }, { "categories" : [ "mining" ], "geometry" : "kGeometryCube", "id" : 56, "isBiomeGrass" : false, "isBiomeTree" : false, "isTransparent" : false, "name" : "Diamond Ore", "spriteOffset" : [ 2, 3 ], "tileOffsets" : [ [ 2, 3 ], [ 2, 3 ], [ 2, 3 ], [ 2, 3 ], [ 2, 3 ], [ 2, 3 ] ], "validOrientations" : [ "" ] }, { "categories" : [ "mining", "redstone" ], "geometry" : "kGeometryCube", "id" : 73, "isBiomeGrass" : false, "isBiomeTree" : false, "isTransparent" : false, "name" : "Redstone Ore", "spriteOffset" : [ 3, 3 ], "tileOffsets" : [ [ 3, 3 ], [ 3, 3 ], [ 3, 3 ], [ 3, 3 ], [ 3, 3 ], [ 3, 3 ] ], "validOrientations" : [ "" ] }, { "categories" : [ "mining" ], "geometry" : "kGeometryCube", "id" : 21, "isBiomeGrass" : false, "isBiomeTree" : false, "isTransparent" : false, "name" : "Lapis Lazuli Ore", "spriteOffset" : [ 0, 10 ], "tileOffsets" : [ [ 0, 10 ], [ 0, 10 ], [ 0, 10 ], [ 0, 10 ], [ 0, 10 ], [ 0, 10 ] ], "validOrientations" : [ "" ] }, { "categories" : [ "construction", "mining" ], "geometry" : "kGeometryCube", "id" : 52, "isBiomeGrass" : false, "isBiomeTree" : false, "isTransparent" : true, "name" : "Monster Spawner", "spriteOffset" : [ 1, 4 ], "tileOffsets" : [ [ 1, 4 ], [ 1, 4 ], [ 1, 4 ], [ 1, 4 ], [ 1, 4 ], [ 1, 4 ] ], "validOrientations" : [ "" ] }, { "categories" : [ "basic" ], "geometry" : "kGeometryCube", "id" : 1048578, "isBiomeGrass" : false, "isBiomeTree" : false, "isTransparent" : false, "name" : "Snow", "spriteOffset" : [ 2, 4 ], "tileOffsets" : [ [ 4, 4 ], [ 4, 4 ], [ 2, 0 ], [ 4, 4 ], [ 2, 4 ], [ 4, 4 ] ], "validOrientations" : [ "" ] }, { "categories" : [ "basic" ], "geometry" : "kGeometryCube", "id" : 79, "isBiomeGrass" : false, "isBiomeTree" : false, "isTransparent" : true, "name" : "Ice", "spriteOffset" : [ 3, 4 ], "tileOffsets" : [ [ 3, 4 ], [ 3, 4 ], [ 3, 4 ], [ 3, 4 ], [ 3, 4 ], [ 3, 4 ] ], "validOrientations" : [ "" ] }, { "categories" : [ "basic", "vegetation" ], "geometry" : "kGeometryCactus", "id" : 81, "isBiomeGrass" : false, "isBiomeTree" : false, "isTransparent" : true, "name" : "Cactus", "spriteOffset" : [ 6, 4 ], "tileOffsets" : [ [ 6, 4 ], [ 6, 4 ], [ 7, 4 ], [ 6, 4 ], [ 5, 4 ], [ 6, 4 ] ], "validOrientations" : [ "" ] }, { "categories" : [ "basic" ], "geometry" : "kGeometryCube", "id" : 82, "isBiomeGrass" : false, "isBiomeTree" : false, "isTransparent" : false, "name" : "Clay", "spriteOffset" : [ 8, 4 ], "tileOffsets" : [ [ 8, 4 ], [ 8, 4 ], [ 8, 4 ], [ 8, 4 ], [ 8, 4 ], [ 8, 4 ] ], "validOrientations" : [ "" ] }, { "categories" : [ "tools" ], "geometry" : "kGeometryCube", "id" : 84, "isBiomeGrass" : false, "isBiomeTree" : false, "isTransparent" : false, "name" : "Record Player", "spriteOffset" : [ 11, 4 ], "tileOffsets" : [ [ 10, 4 ], [ 10, 4 ], [ 9, 1 ], [ 10, 4 ], [ 11, 4 ], [ 10, 4 ] ], "validOrientations" : [ "Facing south", "Facing west", "Facing north", "Facing east" ] }, { "categories" : [ "basic" ], "geometry" : "kGeometryCube", "id" : 60, "isBiomeGrass" : false, "isBiomeTree" : false, "isTransparent" : false, "name" : "Field", "spriteOffset" : [ 7, 5 ], "tileOffsets" : [ [ 2, 0 ], [ 2, 0 ], [ 2, 0 ], [ 2, 0 ], [ 7, 5 ], [ 2, 0 ] ], "validOrientations" : [ "" ] }, { "categories" : [ "basic" ], "geometry" : "kGeometryCube", "id" : 65596, "isBiomeGrass" : false, "isBiomeTree" : false, "isTransparent" : false, "name" : "Fertile Field", "spriteOffset" : [ 6, 5 ], "tileOffsets" : [ [ 2, 0 ], [ 2, 0 ], [ 2, 0 ], [ 2, 0 ], [ 6, 5 ], [ 2, 0 ] ], "validOrientations" : [ "" ] }, { "categories" : [ "vegetation" ], "geometry" : "kGeometryCube", "id" : 86, "isBiomeGrass" : false, "isBiomeTree" : false, "isTransparent" : false, "name" : "Pumpkin", "spriteOffset" : [ 7, 7 ], "tileOffsets" : [ [ 7, 7 ], [ 6, 7 ], [ 6, 7 ], [ 6, 7 ], [ 6, 6 ], [ 6, 7 ] ], "validOrientations" : [ "Facing south", "Facing west", "Facing north", "Facing east" ] }, { "categories" : [ "vegetation" ], "geometry" : "kGeometryCube", "id" : 91, "isBiomeGrass" : false, "isBiomeTree" : false, "isTransparent" : false, "name" : "Jack o' Lantern", "spriteOffset" : [ 8, 7 ], "tileOffsets" : [ [ 8, 7 ], [ 6, 7 ], [ 6, 7 ], [ 6, 7 ], [ 6, 6 ], [ 6, 7 ] ], "validOrientations" : [ "Facing south", "Facing west", "Facing north", "Facing east" ] }, { "categories" : [ "basic", "nether" ], "geometry" : "kGeometryCube", "id" : 87, "isBiomeGrass" : false, "isBiomeTree" : false, "isTransparent" : false, "name" : "Netherrack", "spriteOffset" : [ 7, 6 ], "tileOffsets" : [ [ 7, 6 ], [ 7, 6 ], [ 7, 6 ], [ 7, 6 ], [ 7, 6 ], [ 7, 6 ] ], "validOrientations" : [ "" ] }, { "categories" : [ "basic", "nether" ], "geometry" : "kGeometryCube", "id" : 88, "isBiomeGrass" : false, "isBiomeTree" : false, "isTransparent" : false, "name" : "Soul Sand", "spriteOffset" : [ 8, 6 ], "tileOffsets" : [ [ 8, 6 ], [ 8, 6 ], [ 8, 6 ], [ 8, 6 ], [ 8, 6 ], [ 8, 6 ] ], "validOrientations" : [ "" ] }, { "categories" : [ "basic", "nether" ], "geometry" : "kGeometryCube", "id" : 89, "isBiomeGrass" : false, "isBiomeTree" : false, "isTransparent" : false, "name" : "Glowstone", "spriteOffset" : [ 9, 6 ], "tileOffsets" : [ [ 9, 6 ], [ 9, 6 ], [ 9, 6 ], [ 9, 6 ], [ 9, 6 ], [ 9, 6 ] ], "validOrientations" : [ "" ] }, { "categories" : [ "redstone" ], "geometry" : "kGeometryCube", "id" : 123, "isBiomeGrass" : false, "isBiomeTree" : false, "isTransparent" : false, "name" : "Glowstone Lamp (Off)", "spriteOffset" : [ 3, 13 ], "tileOffsets" : [ [ 3, 13 ], [ 3, 13 ], [ 3, 13 ], [ 3, 13 ], [ 3, 13 ], [ 3, 13 ] ], "validOrientations" : [ "" ] }, { "categories" : [ "redstone" ], "geometry" : "kGeometryCube", "id" : 124, "isBiomeGrass" : false, "isBiomeTree" : false, "isTransparent" : false, "name" : "Glowstone Lamp (On)", "spriteOffset" : [ 4, 13 ], "tileOffsets" : [ [ 4, 13 ], [ 4, 13 ], [ 4, 13 ], [ 4, 13 ], [ 4, 13 ], [ 4, 13 ] ], "validOrientations" : [ "" ] }, { "categories" : [ "basic", "construction" ], "geometry" : "kGeometryCube", "id" : 24, "isBiomeGrass" : false, "isBiomeTree" : false, "isTransparent" : false, "name" : "Sandstone", "spriteOffset" : [ 0, 12 ], "tileOffsets" : [ [ 0, 12 ], [ 0, 12 ], [ 0, 13 ], [ 0, 12 ], [ 0, 11 ], [ 0, 12 ] ], "validOrientations" : [ "" ] }, { "categories" : [ "construction" ], "geometry" : "kGeometryCube", "id" : 65560, "isBiomeGrass" : false, "isBiomeTree" : false, "isTransparent" : false, "name" : "Chiseled Sandstone", "spriteOffset" : [ 6, 14 ], "tileOffsets" : [ [ 6, 14 ], [ 6, 14 ], [ 0, 13 ], [ 6, 14 ], [ 0, 11 ], [ 6, 14 ] ], "validOrientations" : [ "" ] }, { "categories" : [ "construction" ], "geometry" : "kGeometryCube", "id" : 131096, "isBiomeGrass" : false, "isBiomeTree" : false, "isTransparent" : false, "name" : "Smooth Sandstone", "spriteOffset" : [ 5, 14 ], "tileOffsets" : [ [ 5, 14 ], [ 5, 14 ], [ 0, 13 ], [ 5, 14 ], [ 0, 11 ], [ 5, 14 ] ], "validOrientations" : [ "" ] }, { "categories" : [ "redstone" ], "geometry" : "kGeometryCube", "id" : 25, "isBiomeGrass" : false, "isBiomeTree" : false, "isTransparent" : false, "name" : "Note Block", "spriteOffset" : [ 10, 4 ], "tileOffsets" : [ [ 10, 4 ], [ 10, 4 ], [ 10, 4 ], [ 10, 4 ], [ 10, 4 ], [ 10, 4 ] ], "validOrientations" : [ "" ] }, { "categories" : [ "basic" ], "geometry" : "kGeometryBed", "id" : 26, "isBiomeGrass" : false, "isBiomeTree" : false, "isTransparent" : true, "name" : "Bed (Bottom Half)", "spriteOffset" : [ 6, 9 ], "tileOffsets" : [ [ 6, 9 ], [ 6, 9 ], [ 4, 0 ], [ 5, 9 ], [ 6, 8 ], [ 5, 11 ] ], "validOrientations" : [ "Facing south", "Facing west", "Facing north", "Facing east" ] }, { "categories" : [ "basic" ], "geometry" : "kGeometryBed", "id" : 1048602, "isBiomeGrass" : false, "isBiomeTree" : false, "isTransparent" : true, "name" : "Bed (Top Half)", "spriteOffset" : [ 7, 9 ], "tileOffsets" : [ [ 7, 9 ], [ 7, 9 ], [ 4, 0 ], [ 5, 11 ], [ 7, 8 ], [ 8, 9 ] ], "validOrientations" : [ "Facing south", "Facing west", "Facing north", "Facing east" ] }, { "categories" : [ "redstone" ], "geometry" : "kGeometryPressurePlate", "id" : 72, "isBiomeGrass" : false, "isBiomeTree" : false, "isTransparent" : true, "name" : "Wooden Pressure Plate", "spriteOffset" : [ 4, 0 ], "tileOffsets" : [ [ 4, 0 ], [ 4, 0 ], [ 4, 0 ], [ 4, 0 ], [ 4, 0 ], [ 4, 0 ] ], "validOrientations" : [ "" ] }, { "categories" : [ "basic", "construction" ], "geometry" : "kGeometryDoor", "id" : 64, "isBiomeGrass" : false, "isBiomeTree" : false, "isTransparent" : true, "name" : "Wooden Door (Bottom Half)", "spriteOffset" : [ 1, 6 ], "tileOffsets" : [ [ 1, 6 ], [ 1, 6 ], [ 1, 6 ], [ 1, 6 ], [ 1, 6 ], [ 1, 6 ] ], "validOrientations" : [ "Facing south", "Facing west", "Facing north", "Facing east" ] }, { "categories" : [ "basic", "construction" ], "geometry" : "kGeometryDoor", "id" : 524352, "isBiomeGrass" : false, "isBiomeTree" : false, "isTransparent" : true, "name" : "Wooden Door (Top Half)", "spriteOffset" : [ 1, 5 ], "tileOffsets" : [ [ 1, 5 ], [ 1, 5 ], [ 1, 5 ], [ 1, 5 ], [ 1, 5 ], [ 1, 5 ] ], "validOrientations" : [ "Facing south", "Facing west", "Facing north", "Facing east" ] }, { "categories" : [ "basic", "construction" ], "geometry" : "kGeometryDoor", "id" : 71, "isBiomeGrass" : false, "isBiomeTree" : false, "isTransparent" : true, "name" : "Iron Door (Bottom Half)", "spriteOffset" : [ 2, 6 ], "tileOffsets" : [ [ 2, 6 ], [ 2, 6 ], [ 2, 6 ], [ 2, 6 ], [ 2, 6 ], [ 2, 6 ] ], "validOrientations" : [ "Facing south", "Facing west", "Facing north", "Facing east" ] }, { "categories" : [ "basic", "construction" ], "geometry" : "kGeometryDoor", "id" : 524359, "isBiomeGrass" : false, "isBiomeTree" : false, "isTransparent" : true, "name" : "Iron Door (Top Half)", "spriteOffset" : [ 2, 5 ], "tileOffsets" : [ [ 2, 5 ], [ 2, 5 ], [ 2, 5 ], [ 2, 5 ], [ 2, 5 ], [ 2, 5 ] ], "validOrientations" : [ "Facing south", "Facing west", "Facing north", "Facing east" ] }, { "categories" : [ "basic", "construction" ], "geometry" : "kGeometryStairs", "id" : 67, "isBiomeGrass" : false, "isBiomeTree" : false, "isTransparent" : true, "name" : "Cobblestone Stairs", "spriteOffset" : [ 0, 1 ], "tileOffsets" : [ [ 0, 1 ], [ 0, 1 ], [ 0, 1 ], [ 0, 1 ], [ 0, 1 ], [ 0, 1 ] ], "validOrientations" : [ "Facing south", "Facing west", "Facing north", "Facing east", "Facing south, inverted", "Facing west, inverted", "Facing north, inverted", "Facing east, inverted" ] }, { "categories" : [ "basic", "construction" ], "geometry" : "kGeometryStairs", "id" : 108, "isBiomeGrass" : false, "isBiomeTree" : false, "isTransparent" : true, "name" : "Brick Stairs", "spriteOffset" : [ 7, 0 ], "tileOffsets" : [ [ 7, 0 ], [ 7, 0 ], [ 7, 0 ], [ 7, 0 ], [ 7, 0 ], [ 7, 0 ] ], "validOrientations" : [ "Facing south", "Facing west", "Facing north", "Facing east", "Facing south, inverted", "Facing west, inverted", "Facing north, inverted", "Facing east, inverted" ] }, { "categories" : [ "basic", "construction" ], "geometry" : "kGeometryStairs", "id" : 109, "isBiomeGrass" : false, "isBiomeTree" : false, "isTransparent" : true, "name" : "Stone Brick Stairs", "spriteOffset" : [ 6, 3 ], "tileOffsets" : [ [ 6, 3 ], [ 6, 3 ], [ 6, 3 ], [ 6, 3 ], [ 6, 3 ], [ 6, 3 ] ], "validOrientations" : [ "Facing south", "Facing west", "Facing north", "Facing east", "Facing south, inverted", "Facing west, inverted", "Facing north, inverted", "Facing east, inverted" ] }, { "categories" : [ "basic", "construction", "nether" ], "geometry" : "kGeometryStairs", "id" : 114, "isBiomeGrass" : false, "isBiomeTree" : false, "isTransparent" : true, "name" : "Nether Brick Stairs", "spriteOffset" : [ 0, 15 ], "tileOffsets" : [ [ 0, 15 ], [ 0, 15 ], [ 0, 15 ], [ 0, 15 ], [ 0, 15 ], [ 0, 15 ] ], "validOrientations" : [ "Facing south", "Facing west", "Facing north", "Facing east", "Facing south, inverted", "Facing west, inverted", "Facing north, inverted", "Facing east, inverted" ] }, { "categories" : [ "basic", "construction", "nether" ], "geometry" : "kGeometryStairs", "id" : 114, "isBiomeGrass" : false, "isBiomeTree" : false, "isTransparent" : true, "name" : "Sandstone Stairs", "spriteOffset" : [ 0, 13 ], "tileOffsets" : [ [ 0, 13 ], [ 0, 13 ], [ 0, 13 ], [ 0, 13 ], [ 0, 13 ], [ 0, 13 ] ], "validOrientations" : [ "Facing south", "Facing west", "Facing north", "Facing east", "Facing south, inverted", "Facing west, inverted", "Facing north, inverted", "Facing east, inverted" ] }, { "categories" : [ "basic", "construction" ], "geometry" : "kGeometryStairs", "id" : 53, "isBiomeGrass" : false, "isBiomeTree" : false, "isTransparent" : true, "name" : "Oak Wood Stairs", "spriteOffset" : [ 4, 0 ], "tileOffsets" : [ [ 4, 0 ], [ 4, 0 ], [ 4, 0 ], [ 4, 0 ], [ 4, 0 ], [ 4, 0 ] ], "validOrientations" : [ "Facing south", "Facing west", "Facing north", "Facing east", "Facing south, inverted", "Facing west, inverted", "Facing north, inverted", "Facing east, inverted" ] }, { "categories" : [ "basic", "construction" ], "geometry" : "kGeometryStairs", "id" : 134, "isBiomeGrass" : false, "isBiomeTree" : false, "isTransparent" : true, "name" : "Spruce Wood Stairs", "spriteOffset" : [ 6, 12 ], "tileOffsets" : [ [ 6, 12 ], [ 6, 12 ], [ 6, 12 ], [ 6, 12 ], [ 6, 12 ], [ 6, 12 ] ], "validOrientations" : [ "Facing south", "Facing west", "Facing north", "Facing east", "Facing south, inverted", "Facing west, inverted", "Facing north, inverted", "Facing east, inverted" ] }, { "categories" : [ "basic", "construction" ], "geometry" : "kGeometryStairs", "id" : 134, "isBiomeGrass" : false, "isBiomeTree" : false, "isTransparent" : true, "name" : "Birch Wood Stairs", "spriteOffset" : [ 6, 13 ], "tileOffsets" : [ [ 6, 13 ], [ 6, 13 ], [ 6, 13 ], [ 6, 13 ], [ 6, 13 ], [ 6, 13 ] ], "validOrientations" : [ "Facing south", "Facing west", "Facing north", "Facing east", "Facing south, inverted", "Facing west, inverted", "Facing north, inverted", "Facing east, inverted" ] }, { "categories" : [ "basic", "construction" ], "geometry" : "kGeometryStairs", "id" : 134, "isBiomeGrass" : false, "isBiomeTree" : false, "isTransparent" : true, "name" : "Jungle Wood Stairs", "spriteOffset" : [ 7, 12 ], "tileOffsets" : [ [ 7, 12 ], [ 7, 12 ], [ 7, 12 ], [ 7, 12 ], [ 7, 12 ], [ 7, 12 ] ], "validOrientations" : [ "Facing south", "Facing west", "Facing north", "Facing east", "Facing south, inverted", "Facing west, inverted", "Facing north, inverted", "Facing east, inverted" ] }, { "categories" : [ "basic", "construction" ], "geometry" : "kGeometryLadder", "id" : 65, "isBiomeGrass" : false, "isBiomeTree" : false, "isTransparent" : true, "name" : "Ladder", "spriteOffset" : [ 3, 5 ], "tileOffsets" : [ [ 3, 5 ] ], "validOrientations" : [ "Facing south", "Facing west", "Facing north", "Facing east" ] }, { "categories" : [ "construction", "redstone" ], "geometry" : "kGeometryTrack", "id" : 66, "isBiomeGrass" : false, "isBiomeTree" : false, "isTransparent" : true, "name" : "Minecart Track", "spriteOffset" : [ 0, 8 ], "tileOffsets" : [ [ 0, 8 ], [ 0, 7 ] ], "validOrientations" : [ "Running north/south", "Running east/west", "Ascending south", "Ascending west", "Ascending north", "Ascending east", "Northwest corner", "Southwest corner", "Northeast corner", "Southeast corner" ] }, { "categories" : [ "basic", "vegetation" ], "geometry" : "kGeometryLadder", "id" : 106, "isBiomeGrass" : false, "isBiomeTree" : true, "isTransparent" : true, "name" : "Vines", "spriteOffset" : [ 15, 8 ], "tileOffsets" : [ [ 15, 8 ] ], "validOrientations" : [ "Facing south", "Facing west", "Facing north", "Facing east" ] }, { "categories" : [ "basic" ], "geometry" : "kGeometrySnow", "id" : 78, "isBiomeGrass" : false, "isBiomeTree" : false, "isTransparent" : true, "name" : "Snow Cover", "spriteOffset" : [ 2, 4 ], "tileOffsets" : [ [ 2, 4 ], [ 2, 4 ], [ 2, 4 ], [ 2, 4 ], [ 2, 4 ], [ 2, 4 ] ], "validOrientations" : [ "" ] }, { "categories" : [ "basic" ], "geometry" : "kGeometryTorch", "id" : 50, "isBiomeGrass" : false, "isBiomeTree" : false, "isTransparent" : true, "name" : "Torch", "spriteOffset" : [ 0, 5 ], "tileOffsets" : [ [ 0, 5 ], [ 0, 5 ], [ 0, 5 ], [ 0, 5 ] ], "validOrientations" : [ "On floor", "On south wall", "On west wall", "On north wall", "On east wall" ] } ]